id,first_name,last_name,email,username,password,city,zip,street,customer_rating
1,Brig,Fowle,bfowle0@parallels.com,bfowle0,8yYiih6Jw,Paris 17,75837 CEDEX 17,175 Autumn Leaf Lane,6125906140
2,Anallese,Mitroshinov,amitroshinov1@wp.com,amitroshinov1,NKo5h8kOyUF,Maji,NULL,84533 Twin Pines Alley,8900089374
3,Verina,Pickvance,vpickvance2@ameblo.jp,vpickvance2,scto6LCt,Bagacay,7032,17185 Elka Court,3530457973
4,Kate,Messent,kmessent3@cisco.com,kmessent3,o538ria0h2P,Xianzong,NULL,2741 Melvin Junction,2063342628
5,Cherida,Edgeworth,cedgeworth4@netvibes.com,cedgeworth4,M7J9iQafb,Lahad Datu,91117,52646 Trailsway Street,4571785208
6,Emelen,Cullimore,ecullimore5@domainmarket.com,ecullimore5,7iZF0UA,Shuijiang,NULL,77 Boyd Park,9475468080
7,Bobbe,Oldmeadow,boldmeadow6@unesco.org,boldmeadow6,nkSfc77b,Mỹ Xuyên,NULL,11879 Lighthouse Bay Drive,7227762998
8,Dory,Montier,dmontier7@businessinsider.com,dmontier7,Sx4muJiO,La Libertad,NULL,804 Atwood Pass,923676627
9,Christalle,Crehan,ccrehan8@youku.com,ccrehan8,CCgLVY1o,Kittilä,99101,886 Grasskamp Parkway,9699810580
10,Hyacinthia,Gratrix,hgratrix9@flickr.com,hgratrix9,WCz9bMSLc,Veshnyaki,303812,6 Eliot Plaza,7752752525
11,Alia,Shackell,ashackella@e-recht24.de,ashackella,dUG2eIAIfAc,Birayang,NULL,46 Melrose Hill,1571659595
12,Florella,Bason,fbasonb@example.com,fbasonb,g35c7dY,Kuluran,NULL,924 Melby Trail,5801406549
13,Sanson,Antcliffe,santcliffec@ihg.com,santcliffec,ZAeazEedfE,La Coipa,NULL,5 Jenna Circle,5921221864
14,Angeli,Bellerby,abellerbyd@pbs.org,abellerbyd,prWbGcx,Chapadinha,65500-000,9525 Pawling Avenue,8202224365
15,Enid,Verner,evernere@dell.com,evernere,0Am8uaEzb5G3,Saint David’s,NULL,1847 Knutson Alley,1572436468
16,Armand,Leebetter,aleebetterf@wsj.com,aleebetterf,KWiOtovT4,Chalamarca,NULL,04 Onsgard Point,984551700
17,Mahmud,Whyteman,mwhytemang@4shared.com,mwhytemang,MBKaKe,Rešetari,35403,0 Red Cloud Pass,7472186589
18,Heidi,Dannohl,hdannohlh@webnode.com,hdannohlh,JvhSPR,Bodzechów,27-420,58 Old Gate Lane,3474108549
19,Jerrilee,Perche,jperchei@ucoz.ru,jperchei,qP89l9,La Viña,4424,89 Lukken Crossing,9969006649
20,Tyrus,Signoret,tsignoretj@toplist.cz,tsignoretj,j4czAn0A,Pingtan,NULL,2610 Jenna Terrace,8426884830
21,Kincaid,Pitchford,kpitchfordk@bizjournals.com,kpitchfordk,Z90dvQe,Włoszakowice,64-140,8 Kenwood Drive,1445413701
22,Natalee,Ofen,nofenl@accuweather.com,nofenl,zI6dkTv,Shofirkon,NULL,5534 School Parkway,3792227746
23,Giuditta,Tregensoe,gtregensoem@ft.com,gtregensoem,FtvrOtw9,Songjianghe,NULL,98 Glendale Pass,4151103929
24,Hamlen,McAreavey,hmcareaveyn@jigsy.com,hmcareaveyn,ORPL8uq,Caherconlish,F45,6102 Mendota Street,7152119147
25,Wilmette,Strongitharm,wstrongitharmo@delicious.com,wstrongitharmo,62ACw3h,Sung Noen,30170,40682 Northland Hill,4186208379
26,Star,Millwall,smillwallp@cloudflare.com,smillwallp,PjqQuz,Celeirós,5060-016,06206 Kenwood Point,9298654014
27,Abner,Le Page,alepageq@miitbeian.gov.cn,alepageq,43ooRU3f,Tit Mellil,NULL,10595 Norway Maple Center,1732195927
28,Buffy,Dorber,bdorberr@biblegateway.com,bdorberr,ZTzuQSyRl,Fuan,NULL,237 Dryden Drive,2035941172
29,Carol,Benitez,cbenitezs@histats.com,cbenitezs,PX6ZBz,Xishaqiao,NULL,9680 Scott Street,2907711962
30,Jordan,Cathrall,jcathrallt@dyndns.org,jcathrallt,opVIqklnamU,Chaves,5400-006,6578 Veith Parkway,3767288559
31,Dasie,McDougall,dmcdougallu@simplemachines.org,dmcdougallu,BgLvBS8RdkRC,Uruaçu,76400-000,828 Novick Point,1537303732
32,Faydra,Mc Gorley,fmcgorleyv@archive.org,fmcgorleyv,2A4bXby6aG,Iaçu,46860-000,3300 Artisan Hill,8203714838
33,Sydel,Baston,sbastonw@soup.io,sbastonw,yRIdS4BtgF,Merklín,334 52,798 Bunting Road,6991907790
34,Gonzales,Sottell,gsottellx@chron.com,gsottellx,vzGzSljOHWew,Bearna,F93,6 Lukken Plaza,45717249
35,Maxy,Mably,mmablyy@wunderground.com,mmablyy,3WtYqCtgT4,Horad Pinsk,NULL,81 Trailsway Junction,220509840
36,Jamie,Lamort,jlamortz@amazon.co.jp,jlamortz,97WROwxQ,Reisjärvi,85900,997 Lillian Court,9834696752
37,Normand,Pistol,npistol10@blogger.com,npistol10,ai9l6DJzQu0b,Thung Khru,10140,1024 Barnett Circle,686025539
38,Kyla,McDuff,kmcduff11@unicef.org,kmcduff11,ncjhCmwG,Sukadana,NULL,09361 Spaight Circle,7656202765
39,Lizette,Lamberton,llamberton12@nyu.edu,llamberton12,lrnNVO,Huaicheng,NULL,181 Elka Plaza,399986197
40,Rance,Deabill,rdeabill13@bloglines.com,rdeabill13,6QscwKx,Resplendor,35230-000,1347 Sullivan Street,1901618544
41,Kirsteni,Klugman,kklugman14@gov.uk,kklugman14,vL4fdh,Haibara,779-3601,0411 Lake View Circle,4153053155
42,Philly,Killick,pkillick15@squarespace.com,pkillick15,vUpq1Cc4hen,Rawuk,NULL,9 Dottie Pass,7923280460
43,Cally,Laydon,claydon16@123-reg.co.uk,claydon16,kXiT8F8V,Yakimovo,3640,330 Cardinal Center,1458266990
44,Lou,Readwood,lreadwood17@msn.com,lreadwood17,w7civ8XHXD,Bergvliet,7945,71296 Columbus Court,263470970
45,Tammy,Jerrard,tjerrard18@vkontakte.ru,tjerrard18,z3Qg6z,Ajuy,5012,18 Village Center,2167114893
46,Annemarie,Pendre,apendre19@typepad.com,apendre19,ukKEMt,Hashtpar,NULL,50533 Cascade Way,39592928
47,Ximenes,Stopp,xstopp1a@amazon.co.jp,xstopp1a,HXXBPBybqQXd,Bandar Pusat Jengka,26485,9 Little Fleur Place,2629309789
48,Markus,Fowlds,mfowlds1b@macromedia.com,mfowlds1b,sfSorrE3QTpd,Tolotangga,NULL,4686 Luster Parkway,5585185918
49,Toby,Snaden,tsnaden1c@jiathis.com,tsnaden1c,hePnBJo,Baraguá,NULL,2340 La Follette Pass,2126527115
50,Sayers,Scourgie,sscourgie1d@meetup.com,sscourgie1d,VlD7s8,Avallon,89204 CEDEX,218 Scofield Parkway,7771990800
51,Godard,Antoons,gantoons1e@gizmodo.com,gantoons1e,3NmxtFgkG,Yanji,NULL,767 Iowa Parkway,6656159907
52,Dulce,Middleditch,dmiddleditch1f@va.gov,dmiddleditch1f,vtOQaur4,Évlalo,NULL,6 Merry Park,5722507121
53,Brant,Beeton,bbeeton1g@miibeian.gov.cn,bbeeton1g,bJzUq2PNSni2,Harian,NULL,2 Anhalt Crossing,613561589
54,Virgil,Fookes,vfookes1h@hibu.com,vfookes1h,5PrNhmGaj1J,Lisia Góra,33-140,48758 Memorial Street,706841387
55,Waldon,Bearblock,wbearblock1i@zdnet.com,wbearblock1i,TtiUc2mjZN,Fanzhen,NULL,27 Forest Dale Point,5683543967
56,Ferdinande,FitzGilbert,ffitzgilbert1j@domainmarket.com,ffitzgilbert1j,p8y9Vt,Tegalwero,NULL,966 Acker Pass,7798187324
57,Roanna,Piesing,rpiesing1k@ycombinator.com,rpiesing1k,x9sGfUvSAfK,Ijebu-Ife,NULL,0851 Green Place,1706295367
58,Kristy,Hayller,khayller1l@about.me,khayller1l,HUrftGGtgab,Strizhi,612090,123 Hallows Crossing,1091020507
59,Dani,Bednell,dbednell1m@vkontakte.ru,dbednell1m,PvtOwBx9na,Gwanda,NULL,36323 Hanover Alley,6922996593
60,Willdon,Ternault,wternault1n@uiuc.edu,wternault1n,uOnFKLlhkGE,Maanas,9013,8369 Columbus Drive,3008822827
61,Greg,Heritege,gheritege1o@skype.com,gheritege1o,M0CkXQy0c,Datian,NULL,53 Fordem Center,5458244907
62,Jeniffer,Elsmore,jelsmore1p@163.com,jelsmore1p,bf6QHVwh,Hwangju-ŭp,NULL,7346 Scofield Park,3879337357
63,Kelvin,Newlyn,knewlyn1q@indiegogo.com,knewlyn1q,ybpJS4b1QTUY,Hekou,NULL,41 Victoria Hill,8414044492
64,Jaimie,Rowlatt,jrowlatt1r@mtv.com,jrowlatt1r,0cOtucgvyL,Geldrop,5664,75 Lakewood Gardens Terrace,3761365640
65,Alleyn,Donnell,adonnell1s@wikipedia.org,adonnell1s,3GDxgtBufg,Polevskoy,623389,338 Briar Crest Junction,7719409299
66,Jody,Titman,jtitman1t@google.cn,jtitman1t,tDdzp7c9bcjN,Norrtälje,761 43,197 Moose Avenue,7901043784
67,Cecilia,Baseley,cbaseley1u@pbs.org,cbaseley1u,MgBOa3QYyyE,Seiça,2435-609,91040 Hooker Park,3813781100
68,Kipp,Fyfe,kfyfe1v@usatoday.com,kfyfe1v,4cHm4gq8dg,Fuqiang,NULL,335 Chinook Trail,1567042023
69,Tamqrah,Climson,tclimson1w@networksolutions.com,tclimson1w,8wej9Xr,Kangar,01630,5 Carberry Alley,4149439095
70,Nancie,Chalke,nchalke1x@cafepress.com,nchalke1x,eg9zb2eXD,Lady Frere,5419,7 Buhler Street,4992878725
71,Hyacinth,Berrigan,hberrigan1y@princeton.edu,hberrigan1y,IQJ5NJAHFO,Bílovice,687 12,6152 Caliangt Crossing,3533246612
72,Joell,Manilow,jmanilow1z@spiegel.de,jmanilow1z,LKgYc3Zsj,Tianhe,NULL,7946 Eagan Way,5252627371
73,Thayne,Hegg,thegg20@dailymotion.com,thegg20,Bqsf8aL2NRvR,Tshela,NULL,491 Bluestem Terrace,9159400757
74,Pepito,Khalid,pkhalid21@jalbum.net,pkhalid21,FHnA5l94SsH,Sapele,NULL,8 Vidon Center,1704854458
75,Maryl,Pontain,mpontain22@1und1.de,mpontain22,y6AgLBCzQ,Gospić,53000,07624 7th Avenue,7269726353
76,Ronda,Blown,rblown23@youtu.be,rblown23,iiSqKdqSU,White City,P0W,7 Dawn Circle,1168660769
77,Katina,Derr,kderr24@irs.gov,kderr24,VkQqLgM,Petrovsk,412545,8695 Hoard Parkway,8225021959
78,Eadie,Madgin,emadgin25@wordpress.com,emadgin25,lphDJq1,Xiqi,NULL,48 Dexter Circle,3280225671
79,Augy,Garrison,agarrison26@epa.gov,agarrison26,M9bWauAK,Sukorejo,NULL,9 Bunting Park,8871630157
80,Ade,Bendan,abendan27@google.es,abendan27,kR6RX1NKMAr,Marsh Harbour,NULL,67 Mosinee Crossing,6369434574
81,Janaya,Jephson,jjephson28@ted.com,jjephson28,jRimwOppqyy,Siguqiao,NULL,39817 Melody Center,6541062838
82,Kylila,Simonnot,ksimonnot29@accuweather.com,ksimonnot29,wg7MOA,Manuel Antonio Mesones Muro,NULL,1522 Homewood Center,5554187307
83,Frasier,Ouslem,fouslem2a@businessweek.com,fouslem2a,GbGUMEzL,Ambarawa,NULL,1430 Buell Drive,6435426678
84,Nickolas,Abbay,nabbay2b@blogger.com,nabbay2b,YXeIw8Fsmo,Bangeran,NULL,8 3rd Point,8439713010
85,Bertie,Lince,blince2c@joomla.org,blince2c,bSph5r,Tucaní,NULL,3874 Independence Pass,9779045643
86,Ellerey,Kumaar,ekumaar2d@hc360.com,ekumaar2d,8jhLJnQ8nv,Guradog,NULL,55 Union Road,7806072772
87,Glenine,Macquire,gmacquire2e@163.com,gmacquire2e,zuACzPR3,Frederiksberg,1950,063 Union Way,1227868855
88,Lisha,Hollow,lhollow2f@yahoo.com,lhollow2f,OcgEE7l,Zdolbuniv,NULL,84421 Buell Circle,9795294008
89,Granthem,Leyson,gleyson2g@seattletimes.com,gleyson2g,KdPFKZeP,Kapakabisa,NULL,3360 Charing Cross Road,6435117632
90,Toinette,Rhead,trhead2h@aol.com,trhead2h,cGQLBBDG,Oslo,1001,39687 6th Drive,2616167816
91,Elianore,Braunfeld,ebraunfeld2i@macromedia.com,ebraunfeld2i,iuaBnb2mm,Santana de Parnaíba,06500-000,212 Forster Lane,2020054809
92,Elvina,Althrop,ealthrop2j@wikia.com,ealthrop2j,8qD4C2g7gJAK,Kibonsod,6128,6111 Sundown Avenue,2741361584
93,Conroy,Agneau,cagneau2k@dell.com,cagneau2k,Le1b5c1HjeD,South Tangerang,NULL,94 Browning Pass,4341512749
94,Lizzie,Scarlett,lscarlett2l@apple.com,lscarlett2l,0RXv4wJEp,Nyrob,618630,1 Mccormick Way,977755142
95,Ethelin,Brothers,ebrothers2m@amazon.de,ebrothers2m,epTPj80sM,Stockholm,120 01,67 Brown Plaza,3710856841
96,Hinze,Cocker,hcocker2n@istockphoto.com,hcocker2n,aGAjmqGzdw0,Kiraman,NULL,5 Ridge Oak Road,1006364595
97,Reamonn,Garmanson,rgarmanson2o@zdnet.com,rgarmanson2o,MbX8QA,Verkhoshizhem’ye,613310,8 Rockefeller Crossing,7355190628
98,Gabbi,Maggill'Andreis,gmaggillandreis2p@taobao.com,gmaggillandreis2p,aigleLjI,Carmen de Viboral,054457,3356 Karstens Court,6896622636
99,Doro,Suttell,dsuttell2q@arizona.edu,dsuttell2q,pBII66M,Saurimo,NULL,7 Cottonwood Plaza,6903326634
100,Fayina,Larkins,flarkins2r@tripod.com,flarkins2r,ChdbkD,Xinminxiang,NULL,00 International Alley,3938992034
101,Stu,MacCallam,smaccallam2s@ed.gov,smaccallam2s,dcFtemeBJ1vT,Taraju,NULL,69947 Green Trail,9835347263
102,Terri-jo,Soreau,tsoreau2t@dagondesign.com,tsoreau2t,b7zrhH3,Pali,NULL,0856 Stang Junction,3809871923
103,Ariela,Duignan,aduignan2u@weibo.com,aduignan2u,R3WSIc0,Gibara,NULL,3 Bluestem Drive,2301926672
104,Gale,Haward,ghaward2v@themeforest.net,ghaward2v,LTTJYD,Grazhdanskoye,363104,48 South Pass,5255905755
105,Erena,Putton,eputton2w@psu.edu,eputton2w,xNoyBP1Hz4q,Boavista,5030-304,89694 Steensland Court,2223061818
106,Bobby,MacAndie,bmacandie2x@slideshare.net,bmacandie2x,OQUjamWGl,Ermelo,4880-128,89 Mcguire Point,4377806912
107,Yul,Du Pre,ydupre2y@ucsd.edu,ydupre2y,p4S9kWSu,Simi Valley,93094,2 Rieder Street,949620637
108,Lucien,Grassot,lgrassot2z@i2i.jp,lgrassot2z,Qc0S27XO,Skála Oropoú,NULL,5182 Gulseth Court,8304198797
109,Darryl,Craythorne,dcraythorne30@spotify.com,dcraythorne30,UYgxVQNt,Novyye Cherëmushki,142817,204 Melby Avenue,8921931775
110,Karyn,Speeding,kspeeding31@china.com.cn,kspeeding31,ut4wZh3paI8T,Bronkhorstspruit,1028,32132 Helena Way,2132596212
111,Bryana,Kedwell,bkedwell32@cocolog-nifty.com,bkedwell32,tqQkgZh4jCaD,Nowy Duninów,09-505,19 Armistice Way,5457541088
112,Lynn,Harms,lharms33@phoca.cz,lharms33,YPzmiJ6,Rio Preto da Eva,69115-000,478 Quincy Circle,8069103922
113,Fayth,Skate,fskate34@indiegogo.com,fskate34,zHY6H7lG,Semibratovo,606771,4 Del Sol Plaza,3374583059
114,Kacey,Peach,kpeach35@webs.com,kpeach35,tWoZ5Gz9oRB,Sparwood,M2J,2286 Brown Court,9286028806
115,Felicity,Bolgar,fbolgar36@yandex.ru,fbolgar36,x8xCZAEL,Ballymahon,F52,44364 Washington Pass,4423779641
116,Jackquelin,Sabater,jsabater37@friendfeed.com,jsabater37,eWwVzpNeOb,Mistřice,687 12,2709 Monterey Circle,9771705180
117,Bonni,Beevens,bbeevens38@phoca.cz,bbeevens38,2ySYke,Guadalupe,38204,914 Shelley Hill,6525368618
118,Anallese,Stuttard,astuttard39@simplemachines.org,astuttard39,bStSqIr,Congonhas,36415-000,0 Briar Crest Drive,899909914
119,Stanleigh,Litherborough,slitherborough3a@phoca.cz,slitherborough3a,9UncUqB,Klenje,NULL,27240 Swallow Terrace,1436488842
120,Sharl,Dunseath,sdunseath3b@sciencedaily.com,sdunseath3b,sQrYoUC7m,Xingtan,NULL,68 Homewood Drive,8043777365
121,Decca,Renahan,drenahan3c@jiathis.com,drenahan3c,HWXblJ,Ambarakaraka,NULL,460 Jenifer Hill,6918694758
122,Lucita,Puddicombe,lpuddicombe3d@newyorker.com,lpuddicombe3d,hchznk9U,Ponggok,NULL,65 Scott Street,8869298612
123,Koralle,Worge,kworge3e@businesswire.com,kworge3e,RBI0CnHy,Sankeyushu,NULL,79657 Jay Center,9365092221
124,Crin,McAree,cmcaree3f@wunderground.com,cmcaree3f,zv0xyf,Bukhovo,2137,9 Nancy Street,3143549238
125,Ashil,Franzen,afranzen3g@psu.edu,afranzen3g,IXyYnaNZX,Pop Shahri,NULL,7 Macpherson Point,5110108587
126,Vaughn,Bachelar,vbachelar3h@hexun.com,vbachelar3h,AKS463CDMLnm,Mandor,NULL,01446 Toban Street,5163497804
127,Dulsea,Seymour,dseymour3i@cam.ac.uk,dseymour3i,I0azTn4F2,Mosopa,NULL,6452 Graceland Pass,7885170519
128,Corenda,Bangham,cbangham3j@github.com,cbangham3j,VkNisYWOc,Krajan Srigonco,NULL,11 Badeau Point,9890313324
129,Bria,Antliff,bantliff3k@clickbank.net,bantliff3k,u9Cpb4,Bañga,5201,669 Heath Street,6708642115
130,Wolfie,Laird,wlaird3l@ft.com,wlaird3l,Bv3iEW5gdkF,Karangboyo,NULL,304 Springview Drive,7897017370
131,Joceline,Shippam,jshippam3m@paginegialle.it,jshippam3m,TYViWPaJ3e,Nianpan,NULL,5 Declaration Alley,2969531194
132,Elizabeth,Whitticks,ewhitticks3n@slashdot.org,ewhitticks3n,aq3rhj,Paris 09,75434 CEDEX 09,5016 Hermina Place,757735681
133,Morgana,Folger,mfolger3o@ucla.edu,mfolger3o,l9UdvFg5Zq,Na Chaluai,34280,71089 Arizona Road,5081438502
134,Selina,Worge,sworge3p@sfgate.com,sworge3p,d0Sia96,Panggunguni,NULL,5266 5th Terrace,9844337496
135,Mallissa,Rickhuss,mrickhuss3q@vistaprint.com,mrickhuss3q,WxGgZCucgL,Psará,NULL,014 Marcy Court,221444386
136,Kipp,Wavell,kwavell3r@wisc.edu,kwavell3r,P3SaOLP,Bandungan Timur,NULL,0 Calypso Junction,2042717320
137,Cara,Moncur,cmoncur3s@prweb.com,cmoncur3s,0EZVVj6bg3B,Chãos,4830-813,67 Northland Pass,2056375176
138,Lewiss,Paulisch,lpaulisch3t@baidu.com,lpaulisch3t,8btqxX1BAPu,Banjar Baleagung,NULL,1422 Luster Park,3230667204
139,Ula,Smalls,usmalls3u@uol.com.br,usmalls3u,sEmYOlPW,Elbasan,NULL,6995 Sutherland Street,4023697044
140,Sherwin,Buff,sbuff3v@slate.com,sbuff3v,4VrtvB,Stockholm,106 32,83510 Oakridge Crossing,3794393678
141,Candace,Slinger,cslinger3w@cam.ac.uk,cslinger3w,IvjezwVPlO,Valašská Polanka,756 11,737 Superior Trail,2103393759
142,Archambault,Dizlie,adizlie3x@economist.com,adizlie3x,4GZKg1Rt3,Tuanalepe,NULL,272 Springs Pass,4124108583
143,Giorgia,Fearby,gfearby3y@census.gov,gfearby3y,ef97wRe,Guarulhos,07000-000,388 Esch Pass,2203806117
144,Laina,Izkoveski,lizkoveski3z@loc.gov,lizkoveski3z,pE7mu5SDp,Khodzha-Maston,NULL,89 Thierer Parkway,8585169516
145,Lamond,Gregory,lgregory40@google.com.au,lgregory40,Mz1glLsT,Skarżysko-Kamienna,26-113,87017 Nobel Crossing,387751556
146,Emmaline,Ivashintsov,eivashintsov41@berkeley.edu,eivashintsov41,ly0bfyXyXGlF,Jaru,78940-000,1 Eagan Park,5674121885
147,Oona,Kleiser,okleiser42@cnn.com,okleiser42,IkyWXdoi,Cafayate,4427,6 Portage Trail,7533086090
148,Charlena,Kingerby,ckingerby43@clickbank.net,ckingerby43,DaeL42RVqMI,Andamui,NULL,11306 Arizona Parkway,4855811114
149,Sapphira,Roust,sroust44@addtoany.com,sroust44,5uOn5RGn3D,Qalandiyā,NULL,30645 Almo Alley,7090389731
150,Roxi,Herche,rherche45@vk.com,rherche45,A0bGR4,Croix,59961 CEDEX,54 Hauk Road,5871592805
151,Florentia,Fordy,ffordy46@printfriendly.com,ffordy46,lnoD8kaCNlb,Dongqinggou,NULL,624 Bluestem Street,2922980286
152,Witty,Amberson,wamberson47@wikia.com,wamberson47,sXbbmqTofnX,Shiliting,NULL,8 Sundown Street,1924130785
153,Sib,Restill,srestill48@europa.eu,srestill48,VnDAtr,Araçoiaba da Serra,18190-000,7548 Northridge Trail,1312821736
154,Howie,Ferens,hferens49@indiatimes.com,hferens49,bKhkl9,Shibirghān,NULL,926 Pearson Trail,1432338021
155,Reube,Paydon,rpaydon4a@elpais.com,rpaydon4a,BpwndOws,Tukuyu,NULL,92 Toban Lane,9986268877
156,Tristam,Code,tcode4b@intel.com,tcode4b,PNSvOF7oD,La Cruz,521028,464 Fieldstone Point,6666357116
157,Gabe,Tytcomb,gtytcomb4c@exblog.jp,gtytcomb4c,04CYUDawU9,Huntsville,35805,3 East Plaza,2948562104
158,Prudy,Elijah,pelijah4d@jigsy.com,pelijah4d,Ci0oHlM,Tuchola,89-501,1700 Jana Place,2229051679
159,Lenee,Swarbrigg,lswarbrigg4e@drupal.org,lswarbrigg4e,zqtHMFaC,Dongjiahe,NULL,76133 Southridge Drive,8982680624
160,Kin,Reglar,kreglar4f@ucla.edu,kreglar4f,V7r1tUsaVdCy,Na Tan,37180,370 Scofield Drive,5829648113
161,Tulley,Frapwell,tfrapwell4g@globo.com,tfrapwell4g,XDczIcECwt,Vnanje Gorice,1358,18 Buell Crossing,1563755807
162,Tanhya,Phillp,tphillp4h@indiegogo.com,tphillp4h,FqVGdD8l,Allentown,18105,915 Nevada Hill,3447972173
163,Perceval,Cauthra,pcauthra4i@yandex.ru,pcauthra4i,didHqkrjk0A,Örbyhus,748 94,56 Tony Alley,3428375912
164,Adelheid,Keveren,akeveren4j@arizona.edu,akeveren4j,pIFxFIq3r3F,Brant,N3T,3 Melrose Hill,2970134217
165,Maxwell,Ness,mness4k@twitter.com,mness4k,w8YyZPG,Qukës-Skënderbe,NULL,66901 Sage Lane,5104935442
166,Lucie,Palomba,lpalomba4l@canalblog.com,lpalomba4l,FCF0Wkise,Bajram Curri,NULL,57992 Pearson Place,4374557172
167,Carce,Adamsson,cadamsson4m@nps.gov,cadamsson4m,Ghxz8OBnkx,Ifanadiana,NULL,4023 Erie Junction,6403215051
168,Felice,Force,fforce4n@psu.edu,fforce4n,E9alE0iC,Wang Sai Phun,66180,58 Goodland Junction,8879794779
169,Eddy,Tregien,etregien4o@admin.ch,etregien4o,kGqXyVXCK,Tarakan,NULL,215 Ryan Junction,8254492220
170,Balduin,Wardhough,bwardhough4p@hexun.com,bwardhough4p,6GYrzMufwXa,Kedungwringin Satu,NULL,93123 Waxwing Terrace,421114967
171,Ciel,Janiak,cjaniak4q@thetimes.co.uk,cjaniak4q,rDuiRvPGx,Strážná,563 01,09 Morningstar Trail,4119908151
172,Aleece,Titman,atitman4r@gizmodo.com,atitman4r,t9vH0ahdnYI,Padre Burgos,6602,3184 Columbus Junction,2146132566
173,Haydon,Gunther,hgunther4s@ft.com,hgunther4s,NcGDq3e0r0v9,Santa Bernardina,NULL,9737 Clemons Center,3739885416
174,Laura,Daouse,ldaouse4t@clickbank.net,ldaouse4t,GQrxUzPM,Vođinci,32283,36446 Hudson Point,4522927002
175,Deck,Autrie,dautrie4u@xing.com,dautrie4u,MhdMEBDwi,Ghurayd Gharamē,NULL,2487 Tennessee Road,8586052671
176,Lammond,Howieson,lhowieson4v@exblog.jp,lhowieson4v,fz3qzw2tr,Tangkanpulit,NULL,63 Milwaukee Alley,4329478331
177,Merill,Shefton,mshefton4w@rediff.com,mshefton4w,UP9LQ7mR1,Balboa,662017,51643 Hollow Ridge Alley,5069919245
178,Sandor,Torritti,storritti4x@homestead.com,storritti4x,vU5spw0kmak,Santa Cruz,NULL,139 Towne Point,8344488257
179,Tallie,Fitzsymon,tfitzsymon4y@cpanel.net,tfitzsymon4y,FgTY3ePv9,Toamasina,NULL,66 Granby Street,5368521421
180,Loralee,Lavielle,llavielle4z@friendfeed.com,llavielle4z,4dEaj9pi,Mweka,NULL,424 Spohn Street,3748947100
181,Connie,Matveyev,cmatveyev50@examiner.com,cmatveyev50,nWUsGtb,Oslo,0460,90949 Rowland Alley,5143140544
182,Alfonso,Elvidge,aelvidge51@dot.gov,aelvidge51,km2bpxyP,Nässjö,571 92,611 Tennyson Street,2336142821
183,Cecilla,Wassell,cwassell52@livejournal.com,cwassell52,Vmf5TfnyK0Zh,Bajos de Haina,11117,06533 Oneill Avenue,6652261162
184,Lizzie,Dagless,ldagless53@eepurl.com,ldagless53,OLDfQKYOxfK,Starodub,243240,7 Vera Terrace,5463120838
185,Alethea,Dews,adews54@last.fm,adews54,RcDojwIe2G,Bandarbeyla,NULL,40140 Ludington Court,3356080466
186,Hurlee,Rozzier,hrozzier55@uol.com.br,hrozzier55,6TJUjN0dHm,Dunaivtsi,NULL,09603 Sage Court,4468430710
187,Rora,Spaldin,rspaldin56@google.it,rspaldin56,Iw6MTounNCL4,Nizwá,NULL,622 Mayer Court,8662439594
188,Hedy,Arent,harent57@rambler.ru,harent57,CTD03qLwW3ZY,Massakory,NULL,5 Anthes Drive,1093085711
189,Lyman,Halwood,lhalwood58@who.int,lhalwood58,vkZkZA,Afonsoeiro,2870-013,693 Clarendon Court,4343875997
190,Padgett,Phebey,pphebey59@1688.com,pphebey59,yefI2tH,Hengshanqiao,NULL,684 Ruskin Street,4463697506
191,Sascha,Jina,sjina5a@google.fr,sjina5a,Pro2L9F,Chishan,NULL,6888 Westend Road,1317687183
192,Holmes,Chedgey,hchedgey5b@bigcartel.com,hchedgey5b,aocZswNPjVVp,Sedayu,NULL,21 Dennis Center,6276109479
193,Priscilla,Shuard,pshuard5c@exblog.jp,pshuard5c,K6uXhc0zB0Us,Vila Nova de Milfontes,7645-215,636 Ronald Regan Road,830664262
194,Si,Hemphall,shemphall5d@cocolog-nifty.com,shemphall5d,A3RM8GAg7Hy,Trebisht-Muçinë,NULL,44 Loftsgordon Pass,1842503634
195,Claudian,Glennon,cglennon5e@w3.org,cglennon5e,HSnmbmzE,Frýdek-Místek,733 01,7 Caliangt Avenue,5363833670
196,Nerta,Murrells,nmurrells5f@tripadvisor.com,nmurrells5f,zK0p3T,Shankill,A98,1 Mifflin Place,941277364
197,Grady,Rumney,grumney5g@netvibes.com,grumney5g,U5l7wgxNAe,Eastern Suburbs Mc,1391,4692 Bashford Park,5832642813
198,Xaviera,Palumbo,xpalumbo5h@canalblog.com,xpalumbo5h,vsep1odMQ6,Bom Despacho,35600-000,9 Pine View Way,5067154101
199,Viviene,Arghent,varghent5i@goo.gl,varghent5i,WpCiXLlu8,Langnga,NULL,28784 Dixon Street,7012307587
200,Jameson,Teodorski,jteodorski5j@edublogs.org,jteodorski5j,PEHOKp2l8C,Tajerouine,NULL,0379 Grim Hill,3189648468
201,Germain,McKeaney,gmckeaney5k@wunderground.com,gmckeaney5k,QNPJClOFxZjH,Sélibabi,NULL,43382 Thackeray Way,559077874
202,Michel,Winwright,mwinwright5l@goodreads.com,mwinwright5l,UcamMD,Rääkkylä,82301,72349 Bartelt Terrace,166933872
203,Devan,Easdon,deasdon5m@businessinsider.com,deasdon5m,GlVbmmQY2q7l,Guanlu,NULL,827 Express Pass,4917760399
204,Ynez,Charity,ycharity5n@dmoz.org,ycharity5n,ZVE1d1J2eX,Zhitan,NULL,2479 Mallory Place,1705063489
205,Vyky,Mansbridge,vmansbridge5o@google.fr,vmansbridge5o,jZRfk9ESfN,Katy,77493,4 Leroy Junction,4721691599
206,Mitch,Stetlye,mstetlye5p@un.org,mstetlye5p,l6ROMTaBvipK,Sumbersarikrajan,NULL,3968 Garrison Center,4751313851
207,Adara,Baggs,abaggs5q@mediafire.com,abaggs5q,NMs1G0XC,Gilowice,34-322,00 Express Alley,510228275
208,Harlin,Gammidge,hgammidge5r@live.com,hgammidge5r,rvv5Flnjfc4N,Mino,709-4306,84 Havey Avenue,4044260443
209,Aurelea,Crossman,acrossman5s@zimbio.com,acrossman5s,4llADzt,Taiyigong,NULL,5 Chinook Drive,6850847708
210,Paulie,Birkenhead,pbirkenhead5t@i2i.jp,pbirkenhead5t,XmpJkcH0,Muting,NULL,9279 Arkansas Plaza,1189903296
211,Erminia,Packham,epackham5u@privacy.gov.au,epackham5u,vS3Pcen,Plato,475038,71528 Katie Center,9664809039
212,Evelin,Daye,edaye5v@shop-pro.jp,edaye5v,8NOdRLG,Malaryta,NULL,91 Dixon Court,9205848239
213,Ashbey,Geraud,ageraud5w@youku.com,ageraud5w,meo0gqfCoO,Kimaam,NULL,43659 Derek Center,3749501793
214,Fitz,Trevance,ftrevance5x@hostgator.com,ftrevance5x,6TRN1zZp,Znamenka,393400,60 Eastwood Road,936339934
215,Nataniel,Gueinn,ngueinn5y@illinois.edu,ngueinn5y,AID1IN1dTXJE,Cholet,49309 CEDEX,3 Bluejay Drive,824016882
216,Heidie,Beswetherick,hbeswetherick5z@fastcompany.com,hbeswetherick5z,y3gtaDY,Zougang,NULL,37131 Crest Line Park,9059676769
217,Dulcea,Bloomfield,dbloomfield60@mashable.com,dbloomfield60,GD3a3t6Iz1x,Aco,NULL,1899 Heath Parkway,1795221240
218,Silas,Cookley,scookley61@1und1.de,scookley61,HGjoPAfdOofM,Sabóia,7665-823,14604 Macpherson Plaza,9728806302
219,Darbie,Coultas,dcoultas62@reverbnation.com,dcoultas62,2IYiiY1BhI,Pancur,NULL,78 Everett Hill,709434944
220,Hieronymus,Weekes,hweekes63@wordpress.org,hweekes63,BITRFhMDi8K7,Morelos,54455,69547 Welch Pass,6951680930
221,Leonidas,Royans,lroyans64@vimeo.com,lroyans64,tNdY9UIdXuzQ,Seara,4845-028,18819 Sunnyside Terrace,2577192460
222,Heindrick,Dudman,hdudman65@dion.ne.jp,hdudman65,UEbNJhdu,Karanganyar,NULL,20752 Farmco Place,2018992279
223,Edsel,Steptowe,esteptowe66@t.co,esteptowe66,LnuAqBV0,Karlstad,652 17,62733 Huxley Trail,2682217621
224,Kiele,Duplain,kduplain67@ocn.ne.jp,kduplain67,ZVuHBr0dT6,Priekulė,96047,6 Di Loreto Point,8189492152
225,Ketti,Chinge,kchinge68@hhs.gov,kchinge68,lKkvF8hatB0x,Borlänge,781 96,3196 Armistice Drive,4122592690
226,Georgine,Gery,ggery69@ebay.com,ggery69,OBfRjy,Puerto Cumarebo,NULL,03665 Bashford Pass,6948204732
227,Iormina,Ply,iply6a@spotify.com,iply6a,Rq6mRuAQ,Sruki,NULL,10203 Memorial Place,2481142276
228,Fairleigh,Cardozo,fcardozo6b@weebly.com,fcardozo6b,6I1q4H,Wailebe,NULL,22946 Meadow Valley Crossing,5055204281
229,Reinwald,Tyrer,rtyrer6c@yandex.ru,rtyrer6c,slSfOc,Asahi,989-2474,7 Marcy Road,5294038927
230,Buiron,Calver,bcalver6d@answers.com,bcalver6d,gjdgNe,Pljevlja,NULL,95 Lerdahl Alley,564018171
231,Bibbye,Cruces,bcruces6e@ehow.com,bcruces6e,pdOEeYK,Huayana,NULL,6964 Hanover Junction,3187797784
232,Loydie,Ladloe,lladloe6f@altervista.org,lladloe6f,ncMYw4Nee2li,Savannah,31422,5108 Reindahl Circle,1645208567
233,Karoline,McNalley,kmcnalley6g@wp.com,kmcnalley6g,Zb7p6Jeo18,Chichinales,8326,65106 Esch Drive,2404227556
234,Geri,Beglin,gbeglin6h@wired.com,gbeglin6h,BwE7bCnXLFM,Daliuhao,NULL,78 Melody Drive,3626452956
235,Jonah,De Biaggi,jdebiaggi6i@google.fr,jdebiaggi6i,aUrEUOkNL,Andahuaylas,NULL,12751 Kensington Lane,5242615214
236,Gary,Birds,gbirds6j@privacy.gov.au,gbirds6j,XaNCm5R6,Heilongkou,NULL,0106 Manufacturers Pass,584170718
237,Holly-anne,Mounch,hmounch6k@engadget.com,hmounch6k,Jo7pbNOu06,Chunhu,NULL,478 Londonderry Crossing,3366427019
238,Laurella,Wallwood,lwallwood6l@pen.io,lwallwood6l,hyVwjxDKKG,Pa Tio,35150,37 Porter Park,3818217831
239,Georgy,Novotne,gnovotne6m@skype.com,gnovotne6m,7gBClO3KAXL,Las Vegas,89135,04202 Service Road,929528840
240,Gabriellia,Loiterton,gloiterton6n@t.co,gloiterton6n,D4l2qiYwwj,Sanana,NULL,08545 Ramsey Way,6318960996
241,Markus,Weippert,mweippert6o@woothemes.com,mweippert6o,bo1nmbOzt6o,Veracruz,NULL,6 Charing Cross Crossing,2162453703
242,Babbette,De Blasiis,bdeblasiis6p@blogtalkradio.com,bdeblasiis6p,iFZPdZOXYa,Xiongjia,NULL,167 Derek Park,7694092777
243,Kare,Ellgood,kellgood6q@mapy.cz,kellgood6q,cVQvPB1elXbH,Goris,NULL,87 Knutson Park,465156983
244,Nike,Shurman,nshurman6r@virginia.edu,nshurman6r,cxRfyQI1P53,Odeleite,8950-355,808 Goodland Trail,9850529539
245,Goldarina,Risbrough,grisbrough6s@xinhuanet.com,grisbrough6s,KTCHHCJo2ti,São Miguel do Araguaia,76590-000,3038 5th Plaza,4613487013
246,Delcina,Gurg,dgurg6t@1und1.de,dgurg6t,tU7OH58,Belén de Umbría,664048,7 Tennessee Pass,7731633497
247,Lem,Glanester,lglanester6u@fema.gov,lglanester6u,iPYz4s5vN,Staré Město,788 32,4 Spenser Avenue,4351525037
248,Nada,Pantone,npantone6v@google.it,npantone6v,wcoDRPJA,Bayabas,8303,82 Cascade Drive,2637409940
249,Elroy,De Witt,edewitt6w@nhs.uk,edewitt6w,v9mNdFhR,Zushi,569-0036,6 Autumn Leaf Pass,1516252632
250,Garwood,Fessby,gfessby6x@ox.ac.uk,gfessby6x,ws0kEUqzDSw,Liaonan,NULL,84 Coleman Road,1253821143
