person_id,first_name,last_name,email_id,passwort,city,zip,street
1,Cece,Kobpal,ckobpal0@linkedin.com,Uf22CX2L7JyF,Sungaiduri,,90 Mendota Avenue
2,Lorilyn,Goudy,lgoudy1@yelp.com,S8qEuIw009,Sapouy,,088 Bartelt Drive
3,Maryjo,Cottie,mcottie2@free.fr,wqd0tUqQcFX,Ḩalwān,,4079 Red Cloud Park
4,Rance,McGroarty,rmcgroarty3@livejournal.com,U3N5PFStB8mO,Dolice,73-115,1933 Merry Road
5,Lovell,Hendrichs,lhendrichs4@intel.com,1r8gIC5DVogL,Kajok,,7855 Westport Terrace
6,Angelle,Tyre,atyre5@mediafire.com,VGDrCe,Yutsa,357380,870 Heffernan Terrace
7,Nigel,Sircombe,nsircombe6@china.com.cn,5Pn6Nvy,Changjiang,,26114 Westridge Place
8,Marty,Raymont,mraymont7@tuttocitta.it,b91q3i,Vila de Sal Rei,,95763 Prairieview Terrace
9,Tudor,Esilmon,tesilmon8@tinyurl.com,WMbuy5zR3,Bilao,5806,01 Lindbergh Alley
10,Leilah,Norris,lnorris9@gnu.org,HXtKbTNV3SSW,Fonte Boa dos Nabos,2655-469,920 Schurz Road
11,Mead,Jarlmann,mjarlmanna@themeforest.net,ImgE1zppq6K,Quatre Bornes,,5 Jana Trail
12,Berkie,Gostall,bgostallb@salon.com,rwcf3357mLRj,Várzea,4600-730,95 Rigney Pass
13,Fee,Hamstead,fhamsteadc@google.pl,64kiU7cWYt2g,Tirmiz,,2 Delladonna Trail
14,Fulton,Petersen,fpetersend@wordpress.com,Ind83APy9a7,Nikki,,76587 Del Sol Parkway
15,Niall,Kynvin,nkynvine@xinhuanet.com,WHC5scFwMJ,Schieren,L-9184,90271 Waxwing Trail
16,Ryann,Davidsen,rdavidsenf@nasa.gov,SB0FrSZZ,Huansheng,,12432 Meadow Valley Road
17,Chickie,Constanza,cconstanzag@epa.gov,eBHQny,Farah,,899 Farwell Place
18,Min,Caldicot,mcaldicoth@rakuten.co.jp,MiJdBl,Melikkrajan,,5244 Marcy Point
19,Leonora,Scriven,lscriveni@amazon.co.uk,Yq2KUvZg0m,Volkhov,187409,106 Chinook Parkway
20,Jerald,Elcome,jelcomej@nydailynews.com,zSQlztkGiHLk,Yajiang,,52599 Memorial Circle
21,Ali,Simoncelli,asimoncellik@blogger.com,RKXRPZlodPUV,Szczaniec,66-225,48125 Twin Pines Place
22,Milly,Seville,msevillel@tinypic.com,bY0PVEEoY,Huangwei,,4532 Melody Crossing
23,Marabel,Emmison,memmisonm@umich.edu,1OqILN1,San Casimiro,4332,9378 5th Avenue
24,Boot,Sucre,bsucren@dmoz.org,vsrUwQpG0TPg,Hamburg,21037,64 Mesta Circle
25,Lorry,Gregory,lgregoryo@psu.edu,SkIvqE,San Agustin,,3895 Fair Oaks Circle
26,Belvia,Lavallin,blavallinp@istockphoto.com,IPUwBg7cHim4,Lenakapa,,41510 Starling Crossing
27,Merissa,Stitson,mstitsonq@auda.org.au,b7GY5z,San Pedro,4023,9261 Walton Terrace
28,Klemens,Pierpoint,kpierpointr@homestead.com,m5GXVsr,Butel,1040,623 Donald Circle
29,Pooh,Phipp,pphipps@usnews.com,NwAlL6uIGg,Kassel,34132,119 6th Center
30,Raynor,Tranckle,rtrancklet@biblegateway.com,HjzTanooj,Maria,,3979 Kipling Avenue
31,Aeriell,Hellmore,ahellmoreu@tinypic.com,EZj5qiC9BI4R,Jiangkou,,9542 Vernon Junction
32,Robbie,Hasely,rhaselyv@4shared.com,NCK4oOw9cq6u,Hanfeng,,475 Canary Alley
33,Derrik,Henze,dhenzew@sbwire.com,cn92JqWNc,Stroitel’,392526,16 Meadow Valley Circle
34,Skyler,Curtayne,scurtaynex@berkeley.edu,IuZlnIqqhyWD,Korenovsk,353187,45097 Center Terrace
35,Opalina,Portigall,oportigally@sitemeter.com,rl3gnMR78WZ,Grytviken,,21301 Swallow Park
36,Jesse,Sarll,jsarllz@usnews.com,hf2beUN,Huaping,,97 Mallard Lane
37,Lois,Hendriksen,lhendriksen10@xinhuanet.com,Y19URcj7omk8,Konstantinovo,,5473 Petterle Lane
38,Arleta,Pash,apash11@myspace.com,ClV0RaxDyw,Dasha,,510 Daystar Circle
39,Troy,Bullivent,tbullivent12@amazonaws.com,tPDKiqcgYlXR,Júlio de Castilhos,98130-000,67 Ridgeway Alley
40,Tallulah,Luberto,tluberto13@archive.org,VPdzwHvf7,Kendaruan,,752 Summerview Plaza
41,Stephana,Witherop,switherop14@archive.org,v1Yak4J9bM,Zhoukou,,92305 Columbus Court
42,Sarita,Shevelin,sshevelin15@freewebs.com,45cSjiF8JLr9,Salām Khēl,,3802 Sunfield Parkway
43,Belita,Espinho,bespinho16@youtube.com,WjYQiw,Shitong,,7275 Chinook Court
44,Robinette,Segot,rsegot17@dell.com,YursW87j5,Las Vegas,89135,67 Waxwing Road
45,Gill,Keyes,gkeyes18@google.cn,EYb9O4Wf0A,Tuchkovo,143142,31782 Clyde Gallagher Trail
46,Lynnette,Lamp,llamp19@wikimedia.org,aQsrH5orwNGE,Coté-Lai,3513,2022 Hintze Circle
47,Ly,Mc Carroll,lmccarroll1a@mayoclinic.com,YlETEYJBVd,Stockholm,115 37,58411 Utah Drive
48,Jesus,Pawlaczyk,jpawlaczyk1b@sitemeter.com,0gCxQl,Muli,,9 Messerschmidt Drive
49,Appolonia,Okie,aokie1c@ox.ac.uk,enYDlZ1CE5A,Wuma,,6 Forest Run Drive
50,Urbanus,Siggers,usiggers1d@ox.ac.uk,lXLNZo6juX,Sulop,8009,227 Sommers Lane
51,Kleon,Wiley,kwiley1e@webs.com,ydkfXypSbDZ9,Baicun,,6 Cottonwood Street
52,Madella,Losebie,mlosebie1f@ibm.com,QREjhAm,Yujin,,7290 Blackbird Terrace
53,Dorothee,Beushaw,dbeushaw1g@ezinearticles.com,QAAKfGqIVKxm,Tōno,326-0036,9 Quincy Point
54,Blakeley,Clee,bclee1h@skype.com,PHYAbWg,San Juan de Manapiare,,50884 Brown Parkway
55,Dawn,Cassimer,dcassimer1i@example.com,vTTlyWFvI,Santiago,,9583 Main Crossing
56,Linn,Reffe,lreffe1j@webmd.com,P73tzl3e,Kazinka,162811,11829 Linden Pass
57,Ilyse,Freeborne,ifreeborne1k@ucsd.edu,Te3qdinVH,Kertorejo,,19 Commercial Park
58,Courtney,Jouannot,cjouannot1l@admin.ch,9pNvuvKK,Kuala Bhee,,4 Lakewood Gardens Parkway
59,Aluino,Munroe,amunroe1m@chicagotribune.com,K68dN2R,Zmiyëvka,303320,11816 Bartelt Alley
60,Lazare,Jeynes,ljeynes1n@unicef.org,FmQUqf,Bafoussam,,7005 Hollow Ridge Parkway
61,Ferrel,Buffy,fbuffy1o@pcworld.com,keSwxQNTk,Jingzi,,79396 Talmadge Pass
62,Derron,O'Doireidh,dodoireidh1p@admin.ch,eQD11k9ob,Na Wa,48180,37 Westerfield Circle
63,Patricia,Carnalan,pcarnalan1q@clickbank.net,pbF4RjDv1s,Mweka,,3776 Troy Crossing
64,Kristina,Andrieu,kandrieu1r@netvibes.com,DYa8E0Hig3pB,Tekstil’shchiki,452974,19801 Drewry Plaza
65,Orin,Raun,oraun1s@diigo.com,jGSw8nl6InP8,Przytyk,26-650,46 Butternut Way
66,Zachery,Walczynski,zwalczynski1t@quantcast.com,J2zoLYjS4T,Vistino,188478,49 Kinsman Junction
67,Tobe,Omrod,tomrod1u@opera.com,TZghRV11S,Xiamazhuang,,635 Mesta Plaza
68,Bryant,Body,bbody1v@reddit.com,vfIf3uSA,Paris 12,75609 CEDEX 12,00423 Arkansas Place
69,Zolly,Paxforde,zpaxforde1w@ameblo.jp,yXiG7m,Xindai,,43773 Fisk Hill
70,Henrieta,Caulket,hcaulket1x@techcrunch.com,vFPTLvnWhs,Banī Khallād,,1 Arrowood Trail
71,Hazel,Gerner,hgerner1y@wufoo.com,Yfu9Pw19T,Maun,,67 Roxbury Street
72,Shepard,Hathway,shathway1z@huffingtonpost.com,Gc9Ii5T,Guyi,,3 Fallview Lane
73,Leeland,Betty,lbetty20@msu.edu,YDbIoBztQauV,Florencia,,5728 Morrow Street
74,Tiphany,Sleith,tsleith21@abc.net.au,Y7KKHbg0z,Dalongdong,,8 Lunder Alley
75,Herbie,Matthessen,hmatthessen22@about.com,zhAWKLL,Pamedaran,,6 American Avenue
76,Marlowe,Endicott,mendicott23@mac.com,Z83pBndXUEGz,Bochum,44795,1 Cody Point
77,Carmencita,Amorts,camorts24@goo.gl,pXqKKf,Sumberjeruk,,581 Waywood Terrace
78,Hagen,Pothergill,hpothergill25@yale.edu,Q5J5ihOfA,Roma,00196,669 Mendota Street
79,Lia,D'Almeida,ldalmeida26@guardian.co.uk,uvYR9S,Rawa Mazowiecka,96-201,0945 Carberry Crossing
80,Pauletta,Rockhall,prockhall27@addthis.com,j6bssYRqD,Novohrad-Volyns’kyy,,97788 Stoughton Court
81,Melonie,Hailey,mhailey28@godaddy.com,MyMcbst51vJX,Nowa Dęba,39-460,4 Mendota Avenue
82,Erv,Delacour,edelacour29@telegraph.co.uk,7CZYaeck,La Reforma,94724,261 Vera Plaza
83,Georgia,Bourgour,gbourgour2a@google.pl,vc9Ke2sa3l,Mingjing,,2100 Pennsylvania Circle
84,Nestor,Note,nnote2b@reverbnation.com,T2iGWw1mc,Mangga Dua,,74878 Grasskamp Park
85,Wadsworth,Denisovich,wdenisovich2c@taobao.com,2pBJHVEz7LP,Casal Novo,6100-218,4 Myrtle Street
86,Alane,Farnfield,afarnfield2d@bigcartel.com,LPOs6BI,Ängelholm,262 80,373 Ridgeway Pass
87,Lind,Lockyear,llockyear2e@whitehouse.gov,QkxE632Wv,Karangpapak,,016 Green Ridge Place
88,Jeana,Adkins,jadkins2f@ustream.tv,WHiIL5O,Las Palmas,,9 Dorton Point
89,Janek,Cartman,jcartman2g@utexas.edu,xzURIqeddOO5,Tāfuna,96799,64 Susan Court
90,Kial,McAulay,kmcaulay2h@gravatar.com,u77Llj8,Želiv,394 44,8341 Blaine Street
91,Trula,Inglesent,tinglesent2i@miibeian.gov.cn,u6radG,Gardēz,,6 Ryan Point
92,Emanuel,Bourtoumieux,ebourtoumieux2j@taobao.com,SQeWS5ta,Pueblo Nuevo,233009,3 Crowley Plaza
93,Kimberley,Bettles,kbettles2k@squidoo.com,3yND8R77o,A dos Negros,2510-325,4358 Arizona Point
94,Teresita,Rottcher,trottcher2l@ustream.tv,lCC98EVj,Douba,,76470 Ridgeview Drive
95,Ethel,Risely,erisely2m@nydailynews.com,NQn1hV7zW,Tojal,4620-931,4680 Atwood Center
96,Brian,Luparto,bluparto2n@printfriendly.com,agAzddtDO,Saint-Brieuc,22042 CEDEX 2,3276 Logan Alley
97,Johannes,Trousdale,jtrousdale2o@sina.com.cn,LMkW8h,Rungis,94636 CEDEX 1,1775 Ilene Place
98,Melvyn,Sambedge,msambedge2p@shop-pro.jp,nJW3yfTMmt,Pagaden,,1 Morrow Avenue
99,Kitti,Crouch,kcrouch2q@cocolog-nifty.com,fnvpnej,Héroumbili,,536 Thompson Parkway
100,Fey,Minchella,fminchella2r@t-online.de,O2hYEP,Altanbulag,,68 Memorial Trail
101,Lark,Bubbins,lbubbins2s@google.co.jp,3jrmScY,Las Garcitas,3515,9 Mitchell Alley
102,Flossi,Girkins,fgirkins2t@hud.gov,db6jli8Q4s,Yashan,,5644 Birchwood Hill
103,Winston,Pilipets,wpilipets2u@epa.gov,SvzOHADclkIJ,San Luis del Palmar,3403,9445 Trailsway Avenue
104,Domingo,Todd,dtodd2v@tinypic.com,HN41tjETzA,Conceição do Coité,48730-000,37 Springs Drive
105,Monika,Wretham,mwretham2w@addthis.com,A73duOwfIxi,As Samawah,,07 Golf Course Lane
106,Heindrick,Goodinson,hgoodinson2x@infoseek.co.jp,xWNLCgibJq,Angoulême,16025 CEDEX,794 Moulton Alley
107,Coleen,Drinkall,cdrinkall2y@wired.com,1GzUCU,Nashville,37220,5 Mayfield Street
108,Farrell,Smithend,fsmithend2z@vistaprint.com,PidhXx7ul,Czerwieńsk,66-016,2874 Fremont Court
109,Meg,Darter,mdarter30@shareasale.com,TossQ0Ceg3,Jalatrang,,0669 Jenifer Point
110,Thayne,Caswell,tcaswell31@walmart.com,8JQAF8FvcboP,Naawan,9023,4 Eagle Crest Street
111,Mack,Ferreiro,mferreiro32@diigo.com,IQ1RElYZhdH7,Wichita,67236,9 Dixon Parkway
112,Giavani,Benettolo,gbenettolo33@privacy.gov.au,JaH9ZJjRMLv7,Shangyuan,,004 Elgar Junction
113,Quinn,Bullough,qbullough34@canalblog.com,vy7y3NMss1u7,Guanshan,,35 Twin Pines Avenue
114,Nahum,Ruttgers,nruttgers35@weibo.com,9WmSOVA3S,Strellc i Ulët,,216 Harbort Alley
115,Alanna,Salter,asalter36@ucla.edu,E2jJUpm,Undurkhaan,,369 Sugar Lane
116,Katharine,Jakubiak,kjakubiak37@noaa.gov,OvssSQ2NiCLu,Al Quţayfah,,343 Carberry Junction
117,Anallese,Florentine,aflorentine38@goodreads.com,idTK2Bs,Ruihong,,9144 Carpenter Trail
118,Mellicent,Clamp,mclamp39@soundcloud.com,hUMi8CvRy,Nossebro,465 96,4 Mallard Park
119,Essy,Blanpein,eblanpein3a@storify.com,WctSkq,Odzi,,12 Claremont Pass
120,Hadria,Quinton,hquinton3b@bbc.co.uk,s7BDDrs,Daba,,0 Forest Run Center
121,Barret,Lygoe,blygoe3c@macromedia.com,ZEFLOim,Sangkulirang,,3 Walton Circle
122,Boris,Oleksiak,boleksiak3d@cdc.gov,vJRIWh,Pirapo,,8 Erie Place
123,Farlie,Crat,fcrat3e@theatlantic.com,8PTru1NIrdt,Zhangqiang,,50 Katie Street
124,Lucien,Warry,lwarry3f@apache.org,qFEGHy5KOv,Boa Esperança,87390-000,70 Comanche Alley
125,Natalie,Rea,nrea3g@mapy.cz,Fiaf4V,Huangbu,,11197 Birchwood Circle
126,Devi,Burris,dburris3h@vistaprint.com,JwZTfRntp0A,Kandahār,,05934 Michigan Junction
127,Ruy,Trahear,rtrahear3i@etsy.com,IeGWDotP5N,Anbyŏn-ŭp,,52 Nova Trail
128,Michele,Sink,msink3j@xrea.com,O9xV9yT8F,Sietesz,37-206,615 Milwaukee Hill
129,Garfield,Lurcock,glurcock3k@elegantthemes.com,AzohMGxD,Tokushima-shi,779-0312,687 Farmco Avenue
130,Flory,Janca,fjanca3l@vk.com,YBGTNmj8Ru,Lospalos,,8971 Ridgeway Way
131,Virgilio,Southorn,vsouthorn3m@eventbrite.com,mxAVGalus,Tambobamba,,7 Moulton Circle
132,Friedrick,Rishman,frishman3n@sohu.com,fcw9um,Jiaomingsi,,16 Hanson Alley
133,Mervin,Barkworth,mbarkworth3o@bloglovin.com,z3USyrPT,Singabarong,,12370 Maryland Plaza
134,Abbie,Tuck,atuck3p@mtv.com,43I0tG,Rio Branco do Sul,83540-000,70010 Randy Drive
135,Leandra,Morrad,lmorrad3q@livejournal.com,yaH9Vvl9zc,Lingkou,,2 Monument Court
136,Micheil,Schenkel,mschenkel3r@stumbleupon.com,cI9REyxcjMNZ,Kukushtan,614543,9 7th Parkway
137,Letty,Abramof,labramof3s@paginegialle.it,UA13h8,Grzybowa Góra,27-215,491 Derek Pass
138,Vera,Blackman,vblackman3t@163.com,9NIT4g5IwwJ7,Bystřany,417 61,4295 Hagan Lane
139,Halette,Trask,htrask3u@sina.com.cn,b9mh6HYt6,Newmarket on Fergus,P17,8392 Springs Junction
140,Cristy,Coultous,ccoultous3v@foxnews.com,hfHtPTDK,Prakhon Chai,31140,31809 Sachs Terrace
141,Gaspard,Newrick,gnewrick3w@blogs.com,13VKnVGn43A,Stepnogorsk,,4 Graedel Alley
142,Bard,Bladon,bbladon3x@jiathis.com,OjtusSL9,Longwood,D02,56 Morning Road
143,Clarence,Stockport,cstockport3y@google.co.uk,UpiWraW5R15b,Caxarias,2435-042,2 Springs Drive
144,Devlin,Western,dwestern3z@senate.gov,2alvlth,Eirado,4730-510,53067 Golf Court
145,Desmond,Ellerby,dellerby40@boston.com,MoOOF8Msydhg,Suresnes,92154 CEDEX,13 Orin Point
146,Buckie,Lindley,blindley41@surveymonkey.com,7lnIh326yVfM,København,1201,134 Mccormick Street
147,Natala,Jaquemar,njaquemar42@ca.gov,oGx0Hanb9,Cotia,06700-000,586 La Follette Plaza
148,Lura,Atkins,latkins43@ezinearticles.com,WtyEqjYPy,Qelëz,,2951 Monument Hill
149,Leeanne,Brabender,lbrabender44@tamu.edu,h5l3VMe,Waterbury,06705,35 Delladonna Terrace
150,Andy,Bockmann,abockmann45@about.com,mxjDkAhgk5y,Phoenix,85025,8813 Spenser Drive
151,Keelby,Melarkey,kmelarkey46@mediafire.com,VJRkW7Anra,Zhongyuanlu,,4924 Mockingbird Circle
152,Francyne,Kensitt,fkensitt47@cnn.com,pajMkZdoC,Haguenau,67504 CEDEX,2471 Memorial Park
153,Ceciley,Shellum,cshellum48@wordpress.org,gH1FbJ,Chongxian,,6761 Carberry Street
154,Neala,Abrahamsson,nabrahamsson49@fc2.com,mo627Oku,Jaworze,43-384,096 Sycamore Plaza
155,Page,Grindall,pgrindall4a@tuttocitta.it,Jatd5a,Luci,,86353 Huxley Trail
156,Virgil,Eloy,veloy4b@blogtalkradio.com,VlfImMRqN1mP,Hājīganj,3832,396 Pleasure Street
157,Rhetta,Delve,rdelve4c@soup.io,q1ebcJWEJP5,Wangbuzhuang,,07369 Oak Valley Court
158,Wadsworth,Dootson,wdootson4d@discovery.com,QEuKlSCZ,Nikinci,,4 Hazelcrest Crossing
159,Terrel,Aucoate,taucoate4e@arizona.edu,26O077GRlf,Winong,,728 Superior Road
160,Armand,Fotheringham,afotheringham4f@bbb.org,ctYXyE,Beira,,74 Pepper Wood Parkway
161,Daisey,Favell,dfavell4g@umn.edu,60cEquL5l,Patao,6052,2419 Moland Plaza
162,Meghann,Irons,mirons4h@netvibes.com,qXhRd6xhtCBK,Chashan,,87 Dunning Lane
163,Kale,Rozier,krozier4i@live.com,vAhZH7L,Drnje,48322,44 Delaware Way
164,Concordia,Whitehead,cwhitehead4j@omniture.com,L9ica33M,Zernograd,347743,51 Gulseth Court
165,Sheela,St Leger,sstleger4k@hc360.com,7jWinBaaKB,Philadelphia,19172,74305 Miller Plaza
166,Gunar,Greenmon,ggreenmon4l@woothemes.com,DwHlIkZO,Thủ Thừa,,9 Crownhardt Circle
167,Perl,Leifer,pleifer4m@yellowbook.com,Gnz28P4u4t,Taytay,5312,74 Meadow Ridge Circle
168,Mandie,Arnaudon,marnaudon4n@godaddy.com,K6swHx7,San Antonio Huista,13024,3433 Quincy Court
169,Gasparo,Swaile,gswaile4o@wp.com,rYTWZmy,Semuda,,21024 Dawn Center
170,Horace,Guidelli,hguidelli4p@privacy.gov.au,4wF2wiowxivI,Jagupit,1060,718 Derek Crossing
171,Shelli,Meecher,smeecher4q@nps.gov,cAvBInjMG,Tasovčići,,106 Burning Wood Court
172,Clem,Dowry,cdowry4r@ihg.com,1gAHRtofSnT,Salamrejo,,66 Anderson Junction
173,Remy,Emburey,remburey4s@marketwatch.com,QA52262BS9,Pruzhany,,6 Moose Alley
174,Sheffy,Dredge,sdredge4t@newsvine.com,WsJH0Z9IcmwI,São Paio de Gramaços,3400-696,68 Moland Crossing
175,Tucker,Parsons,tparsons4u@msn.com,uaGGv3DHe,Cai Doi Vam,,35 Hooker Center
176,Tyrus,Beric,tberic4v@chicagotribune.com,M4DjZJiE,Murganhal,2760-040,380 Bay Junction
177,Tynan,Howselee,thowselee4w@webmd.com,pAIQE4upt9,Church End,CB4,5 Mendota Street
178,Roxine,Grishin,rgrishin4x@myspace.com,lSP1W6,Diourbel,,7 Bluestem Pass
179,Nestor,Symcox,nsymcox4y@addthis.com,hH3uXGi8EYr,Wenxi,,23146 Clyde Gallagher Crossing
180,Mellicent,Pecha,mpecha4z@dailymotion.com,pZ0QTPx,Lijiapu,,41 Spaight Circle
181,Bathsheba,Londsdale,blondsdale50@digg.com,ABUt7AOD,Huangbei,,20 Brickson Park Road
182,Wini,Fewless,wfewless51@printfriendly.com,dusd5JL,Washington,20088,529 Carberry Point
183,Quintilla,Costell,qcostell52@intel.com,wUDYJtw4vG7,Huidong,,94 Longview Avenue
184,Irv,Southam,isoutham53@unblog.fr,wVwc94,São João da Boa Vista,13870-000,6125 Oxford Parkway
185,Abbe,Klimkowski,aklimkowski54@examiner.com,pSohc2F7Aff,Jemielno,56-209,22637 Loftsgordon Place
186,Robby,Spuffard,rspuffard55@xrea.com,C39KT5Q,Babushkin,671235,5462 Clarendon Point
187,Caesar,McKerton,cmckerton56@sciencedaily.com,xzRJuLNku,Dagkar,,55 Dapin Terrace
188,Melania,Shepherd,mshepherd57@moonfruit.com,HEFU8TwqBcR,Dolice,73-115,5974 Crownhardt Park
189,Zenia,Renard,zrenard58@bigcartel.com,XIvSAd,Jeremoabo,48540-000,45206 Pankratz Avenue
190,Dugald,Bruneau,dbruneau59@zimbio.com,3y4ou1A,Muricay,1103,41 Oak Crossing
191,Terrijo,Eixenberger,teixenberger5a@google.es,25CG9P,Huya,,96486 Columbus Plaza
192,Armin,Moreton,amoreton5b@ezinearticles.com,5CLFYrH,Mazār-e Sharīf,,257 Ramsey Park
193,Stefania,Espinal,sespinal5c@diigo.com,YT72DGd,Göteborg,415 22,477 Dorton Crossing
194,Alfreda,Luciano,aluciano5d@scribd.com,Ovs2n6wRMO3,Salamá,,809 Melvin Place
195,Nealy,Kleinhaus,nkleinhaus5e@jigsy.com,c8vnal2,Wuqiao,,8 Melvin Hill
196,Ingelbert,Tiery,itiery5f@blogger.com,2dV0OCGZA,Doumen,,37 Mariners Cove Lane
197,Giuseppe,Twede,gtwede5g@phpbb.com,ymkxhfjPXc,Taldyqorghan,,79384 Erie Junction
198,Libbie,Punyer,lpunyer5h@ed.gov,ppLRZ3,Antalaha,,6 Continental Parkway
199,Ninetta,Corcoran,ncorcoran5i@cafepress.com,dzcJnpw,Montauban,82070 CEDEX,4 3rd Center
200,Levy,Kinnane,lkinnane5j@wordpress.com,J6VKOJhE,Hāla,70130,9 New Castle Street
201,Lucio,Nicklen,lnicklen5k@simplemachines.org,Gc2ykM,Novovarshavka,646830,6 South Way
202,Dunn,Englefield,denglefield5l@msn.com,iAMOL0Fh,Trondheim,7425,257 Clove Terrace
203,Adara,Overil,aoveril5m@alexa.com,Yas7VX49tJMY,Karangmangu,,3794 Annamark Hill
204,Sheilakathryn,McCroft,smccroft5n@gnu.org,avPvuabVMFoj,Baykit,648360,51 David Alley
205,Bria,Camacho,bcamacho5o@engadget.com,bdcOlLK2jU3L,Dongtundu,,13328 Burrows Pass
206,Demott,Conyard,dconyard5p@deviantart.com,J4VQFzlnx35,Zielonki,32-087,67 Macpherson Street
207,Blane,Dyter,bdyter5q@sun.com,ceRBbz036,Štoky,582 53,76727 Beilfuss Center
208,Willyt,Luxford,wluxford5r@example.com,G47xJapf0q6U,Huasahuasi,,8 Shopko Park
209,Jerad,Ditchburn,jditchburn5s@economist.com,Ton2boNMvXG5,Babakanbungur,,3834 Gulseth Terrace
210,Bili,List,blist5t@cnet.com,OMd1RFl,Jinling,,7 Di Loreto Park
211,Burt,Boriston,bboriston5u@ifeng.com,URxnBQY4B,Qiling,,01 Westridge Terrace
212,Eward,Boissier,eboissier5v@slashdot.org,D102H0axtug,Donskoy,347735,3 Westridge Plaza
213,Maureen,Greatham,mgreatham5w@simplemachines.org,bNCtkAc,Des Moines,50320,1320 Michigan Crossing
214,Lana,Atwood,latwood5x@quantcast.com,G50XnPa5qY,Guxian,,44 Old Shore Road
215,Adelle,Filby,afilby5y@hibu.com,xxmJdp,Zhifang,,9 Fuller Parkway
216,Anabelle,Longmead,alongmead5z@exblog.jp,0O0NHfmrK5Ee,Skatepark,K7R,9683 Reinke Hill
217,Winnah,Poynter,wpoynter60@chronoengine.com,2VbNPRv,Boavista,4905-014,1 Iowa Circle
218,Merrili,Trusler,mtrusler61@blinklist.com,HgL6LXfB3O,Aleysk,658138,4802 Daystar Avenue
219,Hartley,Strethill,hstrethill62@salon.com,5ZjUO8,New Panamao,7402,854 Lakewood Gardens Place
220,Thomasin,Peartree,tpeartree63@aboutads.info,EcL3pT9u90,Krajan Timur Suger Kidul,,65 Iowa Way
221,Konstantin,Finnimore,kfinnimore64@pagesperso-orange.fr,vTzgsPhG,Poříčí nad Sázavou,257 21,3841 Saint Paul Park
222,Gerik,Kenrick,gkenrick65@bizjournals.com,cwXCt2e2g5My,San Miguel,51690,94 Sloan Alley
223,Eloise,Hinrichs,ehinrichs66@networksolutions.com,OQlStYORJ4vd,Kakhovka,,74724 Warrior Trail
224,Anders,Warrick,awarrick67@behance.net,1AtOdHq,Quimbaya,634027,20650 Kropf Road
225,Zonda,Vousden,zvousden68@sfgate.com,OLvIOhD,Tetebatu,,263 Shelley Junction
226,Mandel,Pulfer,mpulfer69@squidoo.com,2HXQCl7,Kraslice,358 01,613 Schurz Road
227,Jemima,Karle,jkarle6a@europa.eu,h6MImanv1,Meizhuang,,273 Lillian Trail
228,Janel,Woltman,jwoltman6b@dyndns.org,Z9JGilB5,Weligama,81700,97 Charing Cross Circle
229,Virgie,Arminger,varminger6c@mit.edu,fcYePAbNWD7,Grujugan,,49 Prairieview Pass
230,Rebeka,Bellow,rbellow6d@cam.ac.uk,n8wf9PT,Pyrgetós,,55476 North Pass
231,Lida,Polye,lpolye6e@bandcamp.com,F7x7h41immFm,Saynshand,,4228 Utah Point
232,Meridith,Astill,mastill6f@slate.com,phWLxb0,Ketapang,,15466 Esker Parkway
233,Kris,Stickland,kstickland6g@oaic.gov.au,u51Y4E,Rio Claro,,12712 Sheridan Pass
234,Oren,Corona,ocorona6h@sphinn.com,21lPguqVGF,Bang Lamung,20150,6695 Northport Drive
235,Silvio,Pieroni,spieroni6i@indiegogo.com,uDO273,Kolindrós,,9 Vahlen Terrace
236,Darlene,Hallworth,dhallworth6j@g.co,BDO1Sn6,Dianfang,,11 Thompson Court
237,Meta,Sertin,msertin6k@economist.com,KDFWGJnhAbq,Briteiros Santa Leocádia,4805-458,438 Bartelt Court
238,Maddalena,Reddyhoff,mreddyhoff6l@ocn.ne.jp,QF9Lxv3c3GP,Xinqiao,,517 Westend Alley
239,Cynthie,Roiz,croiz6m@lulu.com,8x9VOMRWBsKZ,Sunchales,2322,83 Golden Leaf Way
240,Sheffield,Mcasparan,smcasparan6n@mapy.cz,YM8YS2OY7c,Ximei,,28 Dorton Drive
241,Stacia,Cowmeadow,scowmeadow6o@chron.com,oaqLPMCh,Capitán Solari,3515,7322 Becker Pass
242,Kiah,McGavigan,kmcgavigan6p@feedburner.com,x7Je189r,Zemun,,7747 3rd Avenue
243,Felita,Dinis,fdinis6q@hc360.com,vXvi1aOQxhs3,Piduhe,,635 Lotheville Hill
244,Britte,Jorg,bjorg6r@mysql.com,J5W0xM,Sotíra,,57 Bowman Trail
245,Terencio,Grasner,tgrasner6s@ustream.tv,AoEOsaOK1e3u,Dapeng,,11298 Grayhawk Trail
246,Torry,Vandenhoff,tvandenhoff6t@over-blog.com,p0VA39,Lucaya,,6 West Plaza
247,Brianna,Galbreath,bgalbreath6u@bbc.co.uk,9mz67kuWLvvW,Boulemane,,95562 Carpenter Terrace
248,Ardra,Jowers,ajowers6v@thetimes.co.uk,XNC3keM,Shejiang,,90 Eliot Drive
249,Evangelin,Balls,eballs6w@photobucket.com,I7hs06hlzqju,Selikhino,398032,3202 Blue Bill Park Trail
250,Douglas,Yanshonok,dyanshonok6x@dot.gov,4UM2uB9iR3,Fort Smith,72905,599 Acker Circle
